id,title,content
1,2021年东京奥运会成功举办,2021年东京奥运会如何在疫情期间成功举办？
2,全球疫苗接种进展,各国在2021年是如何推进COVID-19疫苗接种的？
3,COP26气候峰会召开,COP26气候峰会的主要目标和成果是什么？
4,美国撤军阿富汗,美国在2021年结束阿富汗军事行动的背景是什么？
5,SpaceX成功发射民间航天任务,SpaceX在2021年进行民间航天任务的重大意义是什么？
6,全球供应链危机,2021年全球供应链危机的原因和影响是什么？
7,气候行动承诺,各国在2021年对气候行动做出了哪些新的承诺？
8,特斯拉发布全电动卡车,特斯拉发布全电动卡车Cybertruck有什么创新之处？
9,欧盟发布碳边境调节机制,欧盟的碳边境调节机制对全球贸易的影响是什么？
10,乔·拜登宣誓就任美国总统,乔·拜登在2021年成为美国第46任总统的历史意义是什么？
11,Suez运河阻塞事件,一艘巨型货船如何导致苏伊士运河在2021年陷入长达一周的堵塞？
12,中国宣布碳中和目标,中国在2021年宣布的碳中和目标及其全球影响？
13,苹果发布iPhone 13,iPhone 13的主要功能创新及其市场反应如何？
14,Facebook更名为Meta,Facebook更名为Meta的原因及其对未来元宇宙发展的影响？
15,美国通过1.9万亿经济刺激计划,美国通过1.9万亿经济刺激计划的关键内容是什么？
16,全球半导体短缺,2021年全球半导体短缺的原因及其对科技行业的影响？
17,NFT市场爆发,2021年NFT市场爆发的原因是什么？哪些行业受到了最大影响？
18,比特币价格突破6万美元,2021年比特币价格达到历史新高的原因及其对市场的影响？
19,美国国会暴乱事件,2021年1月6日美国国会大厦发生的暴乱事件的背景是什么？
20,疫苗护照在全球推广,疫苗护照在2021年成为全球旅行的必要条件了吗？
21,澳大利亚大火持续肆虐,2021年澳大利亚的大火对环境和野生动物的影响是什么？
22,中国探测器成功登陆火星,中国的天问一号探测器在2021年成功登陆火星，这一成就的意义何在？
23,全球疫苗接种不平等,2021年全球疫苗接种不平等问题有多严重？各国如何应对？
24,卡塔尔世界杯预选赛,哪些球队在2021年成功晋级2022年卡塔尔世界杯？
25,阿富汗政府倒台,塔利班在2021年重新掌权，阿富汗政府为何会迅速倒台？
26,疫苗加强针推广,2021年各国开始推广COVID-19疫苗加强针，效果如何？
27,长赐号货轮卡在苏伊士运河,2021年长赐号货轮为何会卡在苏伊士运河？解决过程如何？
28,太空旅游成真,2021年蓝色起源和维珍银河成功开展太空旅游项目，市场前景如何？
29,美国种族问题持续发酵,2021年美国的种族问题如何影响社会稳定？
30,疫苗研发的突破,2021年有哪些新的COVID-19疫苗研发成功？
31,国际旅行限制,2021年各国针对COVID-19的旅行限制措施如何影响全球旅游业？
32,欧盟实施脱欧协议,2021年欧盟与英国的脱欧协议实施后有哪些影响？
33,印尼苏门答腊发生地震,2021年印尼苏门答腊岛发生的强震造成了哪些损失？
34,美国债务上限危机,2021年美国的债务上限危机如何影响全球金融市场？
35,全球气候变暖加剧,2021年全球气温达到新高，气候变暖的加剧有哪些迹象？
36,中国电力短缺,2021年中国的电力短缺问题如何影响工业生产？
37,COP26的挑战,2021年COP26峰会面临的最大挑战是什么？
38,美国通货膨胀飙升,2021年美国的通货膨胀率为何急剧上升？
39,印度第二波疫情,2021年印度爆发的COVID-19第二波疫情有多严重？
40,全球芯片短缺,2021年的全球芯片短缺对哪些行业造成了最大冲击？
41,英国脱欧后的经济挑战,2021年英国脱欧后面临的最大经济挑战是什么？
42,日本福岛核电站废水排放,日本决定向海洋排放福岛核电站废水，这一决定引发了哪些争议？
43,朝鲜试射导弹,2021年朝鲜的多次导弹试射对地区安全的影响是什么？
44,欧洲洪灾,2021年欧洲多国遭遇的洪灾原因是什么？造成了哪些影响？
45,全球能源危机,2021年全球能源危机的根本原因及其影响是什么？
46,新型冠状病毒变种,2021年出现了哪些新型冠状病毒变种？它们对疫情有何影响？
47,社交媒体的错误信息,2021年社交媒体平台上错误信息的传播如何影响公众舆论？
48,非洲疫苗接种率低,2021年非洲大陆COVID-19疫苗接种率为何如此低？
49,美联储缩减购债计划,美联储在2021年缩减购债计划的原因及其影响是什么？
50,全球碳排放创新高,2021年全球碳排放量为何再创新高？
51,特斯拉市值突破1万亿美元,2021年特斯拉市值首次突破1万亿美元的背后原因是什么？
52,德国总理默克尔卸任,德国总理默克尔在2021年卸任后，德国政局将如何发展？
53,中国人口普查数据发布,2021年中国人口普查结果揭示了哪些人口趋势？
54,全球粮食价格上涨,2021年全球粮食价格上涨的原因及其对贫困国家的影响是什么？
55,澳大利亚鼠灾,2021年澳大利亚爆发的鼠灾如何影响农业生产？
56,日本首相菅义伟辞职,日本首相菅义伟在2021年为何决定辞职？
57,G7峰会讨论全球最低企业税率,2021年G7峰会讨论的全球最低企业税率协议为何重要？
58,全球电动车销量飙升,2021年全球电动车销量大幅增长的原因是什么？
59,美国科技巨头反垄断调查,2021年美国科技巨头面临的反垄断调查对行业有什么影响？
60,欧洲议会通过AI监管法案,2021年欧洲议会通过的AI监管法案对科技公司有哪些影响？
61,黎巴嫩能源危机,2021年黎巴嫩爆发的能源危机的主要原因是什么？
62,塔利班掌权后阿富汗女性权利,塔利班在2021年重新掌权后，阿富汗女性权利发生了哪些变化？
63,中国教育改革,2021年中国的“双减”政策对教育行业的影响是什么？
64,全球供应链压力加大,2021年全球供应链面临的压力是如何形成的？
65,新冠病毒起源调查,2021年WHO的COVID-19病毒起源调查结果如何？
66,全球工人短缺问题,2021年全球范围内出现的工人短缺问题有哪些原因？
67,沙特女性独立驾驶,2021年沙特女性首次被允许独立驾驶的社会意义是什么？
68,台湾断电危机,2021年台湾多次大范围停电的原因及影响是什么？
69,中国发射神舟十三号,2021年中国成功发射神舟十三号，这一任务的意义是什么？
70,全球通货膨胀上升,2021年全球通货膨胀率为何普遍上升？
71,英国燃油供应危机,2021年英国燃油供应危机的原因及其社会影响是什么？
72,阿富汗局势动荡,2021年阿富汗局势动荡的主要原因是什么？
73,意大利通过同性婚姻法案,意大利在2021年通过同性婚姻法案的社会影响是什么？
74,亚马逊创始人杰夫·贝索斯辞去CEO职务,杰夫·贝索斯在2021年辞去亚马逊CEO职务的背景是什么？
75,中国发射天和核心舱,2021年中国发射的天和核心舱对太空站建设的意义是什么？
76,欧洲足球超级联赛计划流产,2021年欧洲足球超级联赛计划为何迅速流产？
77,美国医疗系统面临压力,2021年美国医疗系统面临的最大压力来自何处？
78,巴西雨林砍伐加剧,2021年巴西亚马逊雨林的砍伐速度为何显著加快？
79,新型AI芯片发布,2021年哪些新型AI芯片发布并引发行业关注？
80,澳大利亚通过新闻付费法案,2021年澳大利亚通过新闻付费法案的原因及其对科技巨头的影响？
81,东南亚疫情加剧,2021年东南亚地区疫情加剧的原因及其应对措施是什么？
82,美联储加息预期升温,2021年美联储加息预期升温对全球市场的影响是什么？
83,中国限电令的影响,2021年中国的限电政策对工业生产和民生的影响是什么？
84,南非骚乱事件,2021年南非爆发的骚乱事件有何背景和影响？
85,新冠疫苗对抗Delta变种,2021年新冠疫苗在对抗Delta变种上的有效性如何？
86,日本举行众议院选举,2021年日本众议院选举的结果如何？对日本政局有何影响？
87,美国撤离阿富汗盟友,2021年美国从阿富汗撤离其盟友的过程及挑战是什么？
88,中国数字人民币试点扩大,2021年中国扩大了数字人民币的试点范围，试点结果如何？
89,西班牙火山爆发,2021年西班牙拉帕尔马岛火山爆发的原因及影响是什么？
90,欧洲天然气价格暴涨,2021年欧洲天然气价格暴涨的主要原因及其影响是什么？
91,全球气候行动的紧迫性,2021年气候变化的迹象进一步加剧，全球气候行动的紧迫性如何体现？
92,美国基建法案通过,2021年美国通过了大规模基建法案，其主要内容是什么？
93,中国新能源汽车销量创新高,2021年中国新能源汽车销量为何屡创新高？
94,全球塑料污染问题加剧,2021年全球塑料污染问题为何进一步加剧？
95,印度应对COVID-19危机,2021年印度如何应对COVID-19的第二波危机？
96,叙利亚内战持续,2021年叙利亚内战持续，主要交战方及战局如何演变？
97,中国扶贫攻坚战成果发布,2021年中国正式宣布脱贫攻坚战取得全面胜利，这一成果有何意义？
98,中美贸易谈判进展,2021年中美贸易谈判的最新进展如何？有哪些关键争议点？
99,全球电子废物激增,2021年全球电子废物激增的原因及其对环境的影响是什么？
100,英国变种病毒引发第三波疫情,2021年英国的变种病毒引发的第三波COVID-19疫情为何如此严重？
